run_id,timestamp,seat_time,source,desk_id,zone,row,col,state,observation,objects,object_count,desk_conf,evidence,gnn_occupied,gnn_held,gnn_free,gnn_flag,x1,y1,x2,y2,timer_elapsed_s,timer_remaining_s,reason,crop,objects_image
20260927-161746-404,2026-09-27T16:17:46,2026-09-27T16:17:46,video1.mp4 @ 00:00,D01,Zone C,0,3,PARTIALLY_OCCUPIED,BELONGINGS_ONLY,book,1,0.767,0.844,0.032,0.945,0.023,consistent,822,171,1035,265,0,1800,belongings: book,desks/D01_crop.jpg,desks/D01_objects.jpg
20260927-161746-404,2026-09-27T16:17:46,2026-09-27T16:17:46,video1.mp4 @ 00:00,D02,Zone B,0,1,PARTIALLY_OCCUPIED,BELONGINGS_ONLY,book,1,0.74,0.648,0.076,0.888,0.036,consistent,424,168,613,263,0,1800,belongings: book,desks/D02_crop.jpg,desks/D02_objects.jpg
20260927-161746-404,2026-09-27T16:17:46,2026-09-27T16:17:46,video1.mp4 @ 00:00,D03,Zone C,0,4,PARTIALLY_OCCUPIED,BELONGINGS_ONLY,book,1,0.698,0.731,0.045,0.925,0.03,consistent,1027,168,1200,262,0,1800,belongings: book,desks/D03_crop.jpg,desks/D03_objects.jpg
20260927-161746-404,2026-09-27T16:17:46,2026-09-27T16:17:46,video1.mp4 @ 00:00,D04,Zone A,0,0,PARTIALLY_OCCUPIED,BELONGINGS_ONLY,book,1,0.414,0.629,0.062,0.903,0.035,consistent,209,165,422,269,0,1800,belongings: book,desks/D04_crop.jpg,desks/D04_objects.jpg
20260927-161746-404,2026-09-27T16:17:46,2026-09-27T16:17:46,video1.mp4 @ 00:00,D05,Zone B,0,2,OCCUPIED,PERSON_PRESENT,,0,0.354,0.427,0.778,0.174,0.048,uncertain,615,176,833,276,,,person detected (overlap 0.59),desks/D05_crop.jpg,desks/D05_objects.jpg
20260927-161747-126,2026-09-27T16:17:47,2026-09-27T16:17:47,video1.mp4 @ 00:02,D01,Zone C,0,3,PARTIALLY_OCCUPIED,BELONGINGS_ONLY,book;bottle,2,0.77,0.799,0.004,0.994,0.002,consistent,819,175,1027,267,1,1799,"belongings: book, bottle",desks/D01_crop.jpg,desks/D01_objects.jpg
20260927-161747-126,2026-09-27T16:17:47,2026-09-27T16:17:47,video1.mp4 @ 00:02,D02,Zone B,0,1,PARTIALLY_OCCUPIED,BELONGINGS_ONLY,laptop,1,0.752,0.515,0.023,0.974,0.003,consistent,420,170,611,268,1,1799,belongings: laptop,desks/D02_crop.jpg,desks/D02_objects.jpg
20260927-161747-126,2026-09-27T16:17:47,2026-09-27T16:17:47,video1.mp4 @ 00:02,D03,Zone C,0,4,PARTIALLY_OCCUPIED,BELONGINGS_ONLY,book,1,0.671,0.764,0.006,0.992,0.002,consistent,1026,173,1230,266,1,1799,belongings: book,desks/D03_crop.jpg,desks/D03_objects.jpg
20260927-161747-126,2026-09-27T16:17:47,2026-09-27T16:17:47,video1.mp4 @ 00:02,D04,Zone A,0,0,PARTIALLY_OCCUPIED,BELONGINGS_ONLY,book,1,0.405,0.684,0.011,0.986,0.003,consistent,205,167,415,269,1,1799,belongings: book,desks/D04_crop.jpg,desks/D04_objects.jpg
20260927-161747-126,2026-09-27T16:17:47,2026-09-27T16:17:47,video1.mp4 @ 00:02,D05,Zone B,1,0,OCCUPIED,PERSON_PRESENT,,0,0.371,0.326,0.881,0.113,0.006,uncertain,613,180,837,411,,,person detected (overlap 0.96),desks/D05_crop.jpg,desks/D05_objects.jpg
20260927-161747-126,2026-09-27T16:17:47,2026-09-27T16:17:47,video1.mp4 @ 00:02,D06,Zone B,0,2,PARTIALLY_OCCUPIED,BELONGINGS_ONLY,bottle,1,0.284,0.642,0.081,0.886,0.032,consistent,643,179,831,270,0,1800,belongings: bottle,desks/D06_crop.jpg,desks/D06_objects.jpg
20260927-161749-117,2026-09-27T16:17:49,2026-09-27T16:17:50,video1.mp4 @ 00:04,D01,Zone C,0,3,PARTIALLY_OCCUPIED,BELONGINGS_ONLY,book,1,0.78,0.795,0.001,0.999,0.0,consistent,819,170,1026,264,4,1796,belongings: book,desks/D01_crop.jpg,desks/D01_objects.jpg
20260927-161749-117,2026-09-27T16:17:49,2026-09-27T16:17:50,video1.mp4 @ 00:04,D02,Zone B,0,1,PARTIALLY_OCCUPIED,BELONGINGS_ONLY,laptop;book,2,0.783,0.531,0.008,0.992,0.0,consistent,418,168,607,264,4,1796,"belongings: book, laptop",desks/D02_crop.jpg,desks/D02_objects.jpg
20260927-161749-117,2026-09-27T16:17:49,2026-09-27T16:17:50,video1.mp4 @ 00:04,D03,Zone C,0,4,PARTIALLY_OCCUPIED,BELONGINGS_ONLY,book,1,0.717,0.813,0.001,0.999,0.0,consistent,1023,169,1231,265,4,1796,belongings: book,desks/D03_crop.jpg,desks/D03_objects.jpg
20260927-161749-117,2026-09-27T16:17:49,2026-09-27T16:17:50,video1.mp4 @ 00:04,D04,Zone A,0,0,PARTIALLY_OCCUPIED,BELONGINGS_ONLY,book,1,0.356,0.659,0.002,0.998,0.0,consistent,203,162,415,267,4,1796,belongings: book,desks/D04_crop.jpg,desks/D04_objects.jpg
20260927-161749-117,2026-09-27T16:17:49,2026-09-27T16:17:50,video1.mp4 @ 00:04,D06,Zone B,0,2,OCCUPIED,PERSON_PRESENT,,0,0.448,0.473,0.741,0.257,0.003,uncertain,614,174,825,269,,,person detected (overlap 0.53),desks/D06_crop.jpg,desks/D06_objects.jpg
20260927-161751-057,2026-09-27T16:17:51,2026-09-27T16:17:52,video1.mp4 @ 00:06,D01,Zone C,0,3,PARTIALLY_OCCUPIED,BELONGINGS_ONLY,book,1,0.786,0.639,0.0,1.0,0.0,consistent,823,174,1023,266,6,1794,belongings: book,,
20260927-161751-057,2026-09-27T16:17:51,2026-09-27T16:17:52,video1.mp4 @ 00:06,D02,Zone B,0,1,PARTIALLY_OCCUPIED,BELONGINGS_ONLY,laptop,1,0.763,0.632,0.002,0.998,0.0,consistent,420,171,614,269,6,1794,belongings: laptop,,
20260927-161751-057,2026-09-27T16:17:51,2026-09-27T16:17:52,video1.mp4 @ 00:06,D03,Zone C,0,4,PARTIALLY_OCCUPIED,BELONGINGS_ONLY,book,1,0.665,0.781,0.0,1.0,0.0,consistent,1024,172,1204,263,6,1794,belongings: book,,
20260927-161751-057,2026-09-27T16:17:51,2026-09-27T16:17:52,video1.mp4 @ 00:06,D04,Zone A,0,0,PARTIALLY_OCCUPIED,BELONGINGS_ONLY,book,1,0.606,0.748,0.0,1.0,0.0,consistent,217,168,419,271,6,1794,belongings: book,,
20260927-161751-057,2026-09-27T16:17:51,2026-09-27T16:17:52,video1.mp4 @ 00:06,D06,Zone B,0,2,OCCUPIED,PERSON_PRESENT,,0,0.421,0.671,0.953,0.046,0.0,consistent,645,170,829,268,,,person detected (overlap 0.77),,
20260927-161753-063,2026-09-27T16:17:53,2026-09-27T16:17:54,video1.mp4 @ 00:08,D01,Zone C,0,3,PARTIALLY_OCCUPIED,BELONGINGS_ONLY,book,1,0.767,0.636,0.0,1.0,0.0,consistent,818,179,1004,270,8,1792,belongings: book,desks/D01_crop.jpg,desks/D01_objects.jpg
20260927-161753-063,2026-09-27T16:17:53,2026-09-27T16:17:54,video1.mp4 @ 00:08,D02,Zone B,0,1,PARTIALLY_OCCUPIED,BELONGINGS_ONLY,laptop;book,2,0.766,0.726,0.0,1.0,0.0,consistent,415,175,611,276,8,1792,"belongings: book, laptop",desks/D02_crop.jpg,desks/D02_objects.jpg
20260927-161753-063,2026-09-27T16:17:53,2026-09-27T16:17:54,video1.mp4 @ 00:08,D03,Zone C,0,4,OCCUPIED,PERSON_PRESENT,,0,0.392,0.37,0.492,0.508,0.0,uncertain,1094,174,1241,264,,,person detected (overlap 0.35),desks/D03_crop.jpg,desks/D03_objects.jpg
20260927-161753-063,2026-09-27T16:17:53,2026-09-27T16:17:54,video1.mp4 @ 00:08,D04,Zone A,0,0,PARTIALLY_OCCUPIED,BELONGINGS_ONLY,book;laptop,2,0.557,0.64,0.0,1.0,0.0,consistent,211,169,414,273,8,1792,"belongings: book, laptop",desks/D04_crop.jpg,desks/D04_objects.jpg
20260927-161753-063,2026-09-27T16:17:53,2026-09-27T16:17:54,video1.mp4 @ 00:08,D06,Zone B,0,2,PARTIALLY_OCCUPIED,BELONGINGS_ONLY,bottle,1,0.697,0.753,0.15,0.85,0.0,consistent,611,176,813,270,0,1800,belongings: bottle,desks/D06_crop.jpg,desks/D06_objects.jpg
20260927-161755-133,2026-09-27T16:17:55,2026-09-27T16:17:56,video1.mp4 @ 00:10,D01,Zone C,0,3,PARTIALLY_OCCUPIED,BELONGINGS_ONLY,book,1,0.764,0.635,0.0,1.0,0.0,consistent,817,181,1022,273,10,1790,belongings: book,desks/D01_crop.jpg,desks/D01_objects.jpg
20260927-161755-133,2026-09-27T16:17:55,2026-09-27T16:17:56,video1.mp4 @ 00:10,D02,Zone B,0,1,AVAILABLE,EMPTY,,0,0.754,0.068,0.0,0.923,0.077,disagree,412,176,609,276,,,"no person or belongings (faint: book, laptop)",desks/D02_crop.jpg,desks/D02_objects.jpg
20260927-161755-133,2026-09-27T16:17:55,2026-09-27T16:17:56,video1.mp4 @ 00:10,D03,Zone C,0,4,PARTIALLY_OCCUPIED,BELONGINGS_ONLY,book,1,0.669,0.792,0.058,0.942,0.0,consistent,1021,178,1224,269,0,1800,belongings: book,desks/D03_crop.jpg,desks/D03_objects.jpg
20260927-161755-133,2026-09-27T16:17:55,2026-09-27T16:17:56,video1.mp4 @ 00:10,D04,Zone A,0,0,PARTIALLY_OCCUPIED,BELONGINGS_ONLY,book;laptop;laptop,3,0.562,0.739,0.0,1.0,0.0,consistent,206,170,411,274,10,1790,"belongings: book, laptop",desks/D04_crop.jpg,desks/D04_objects.jpg
20260927-161755-133,2026-09-27T16:17:55,2026-09-27T16:17:56,video1.mp4 @ 00:10,D06,Zone B,0,2,PARTIALLY_OCCUPIED,BELONGINGS_ONLY,bottle,1,0.68,0.803,0.019,0.981,0.0,consistent,609,177,812,270,2,1798,belongings: bottle,desks/D06_crop.jpg,desks/D06_objects.jpg
20260927-161757-251,2026-09-27T16:17:57,2026-09-27T16:17:58,video1.mp4 @ 00:12,D01,Zone C,1,3,PARTIALLY_OCCUPIED,BELONGINGS_ONLY,book,1,0.774,0.621,0.0,1.0,0.0,consistent,818,178,1019,272,12,1788,belongings: book,desks/D01_crop.jpg,desks/D01_objects.jpg
20260927-161757-251,2026-09-27T16:17:57,2026-09-27T16:17:58,video1.mp4 @ 00:12,D02,Zone B,1,1,PARTIALLY_OCCUPIED,BELONGINGS_ONLY,laptop;book,2,0.765,0.684,0.0,0.993,0.007,consistent,404,173,602,271,0,1800,"belongings: book, laptop",desks/D02_crop.jpg,desks/D02_objects.jpg
20260927-161757-251,2026-09-27T16:17:57,2026-09-27T16:17:58,video1.mp4 @ 00:12,D03,Zone C,1,4,PARTIALLY_OCCUPIED,BELONGINGS_ONLY,book,1,0.699,0.742,0.008,0.992,0.0,consistent,1018,176,1218,270,2,1798,belongings: book,desks/D03_crop.jpg,desks/D03_objects.jpg
20260927-161757-251,2026-09-27T16:17:57,2026-09-27T16:17:58,video1.mp4 @ 00:12,D04,Zone A,1,0,PARTIALLY_OCCUPIED,BELONGINGS_ONLY,book,1,0.687,0.759,0.0,1.0,0.0,consistent,199,169,408,272,12,1788,belongings: book,desks/D04_crop.jpg,desks/D04_objects.jpg
20260927-161757-251,2026-09-27T16:17:57,2026-09-27T16:17:58,video1.mp4 @ 00:12,D06,Zone B,1,2,PARTIALLY_OCCUPIED,BELONGINGS_ONLY,bottle,1,0.713,0.804,0.002,0.998,0.0,consistent,607,174,810,268,4,1796,belongings: bottle,desks/D06_crop.jpg,desks/D06_objects.jpg
20260927-161757-251,2026-09-27T16:17:57,2026-09-27T16:17:58,video1.mp4 @ 00:12,D07,Zone C,0,0,PARTIALLY_OCCUPIED,BELONGINGS_ONLY,laptop,1,0.257,0.439,0.095,0.874,0.031,uncertain,942,0,1274,198,0,1800,belongings: laptop,desks/D07_crop.jpg,desks/D07_objects.jpg
20260927-161759-142,2026-09-27T16:17:59,2026-09-27T16:18:00,video1.mp4 @ 00:14,D01,Zone C,1,3,PARTIALLY_OCCUPIED,BELONGINGS_ONLY,book,1,0.78,0.617,0.0,1.0,0.0,consistent,819,174,1031,269,14,1786,belongings: book,desks/D01_crop.jpg,desks/D01_objects.jpg
20260927-161759-142,2026-09-27T16:17:59,2026-09-27T16:18:00,video1.mp4 @ 00:14,D02,Zone B,1,1,PARTIALLY_OCCUPIED,BELONGINGS_ONLY,laptop;book,2,0.769,0.634,0.0,0.999,0.001,consistent,409,168,606,265,2,1798,"belongings: book, laptop",desks/D02_crop.jpg,desks/D02_objects.jpg
20260927-161759-142,2026-09-27T16:17:59,2026-09-27T16:18:00,video1.mp4 @ 00:14,D03,Zone C,1,4,PARTIALLY_OCCUPIED,BELONGINGS_ONLY,book,1,0.722,0.803,0.001,0.999,0.0,consistent,1024,174,1214,267,4,1796,belongings: book,desks/D03_crop.jpg,desks/D03_objects.jpg
20260927-161759-142,2026-09-27T16:17:59,2026-09-27T16:18:00,video1.mp4 @ 00:14,D04,Zone A,1,0,PARTIALLY_OCCUPIED,BELONGINGS_ONLY,book,1,0.52,0.719,0.0,1.0,0.0,consistent,201,160,413,268,14,1786,belongings: book,desks/D04_crop.jpg,desks/D04_objects.jpg
20260927-161759-142,2026-09-27T16:17:59,2026-09-27T16:18:00,video1.mp4 @ 00:14,D06,Zone B,1,2,PARTIALLY_OCCUPIED,BELONGINGS_ONLY,bottle,1,0.708,0.814,0.0,1.0,0.0,consistent,613,172,819,263,6,1794,belongings: bottle,desks/D06_crop.jpg,desks/D06_objects.jpg
20260927-161801-211,2026-09-27T16:18:01,2026-09-27T16:18:02,video1.mp4 @ 00:16,D01,Zone C,1,3,OCCUPIED,PERSON_PRESENT,,0,0.479,0.422,0.538,0.462,0.0,uncertain,936,168,1050,269,,,person detected (overlap 0.36),desks/D01_crop.jpg,desks/D01_objects.jpg
20260927-161801-211,2026-09-27T16:18:01,2026-09-27T16:18:02,video1.mp4 @ 00:16,D02,Zone B,1,1,PARTIALLY_OCCUPIED,BELONGINGS_ONLY,laptop;book,2,0.761,0.722,0.0,1.0,0.0,consistent,411,164,605,260,4,1796,"belongings: book, laptop",desks/D02_crop.jpg,desks/D02_objects.jpg
20260927-161801-211,2026-09-27T16:18:01,2026-09-27T16:18:02,video1.mp4 @ 00:16,D03,Zone C,1,4,PARTIALLY_OCCUPIED,BELONGINGS_ONLY,book,1,0.673,0.753,0.0,1.0,0.0,consistent,1027,170,1227,266,6,1794,belongings: book,desks/D03_crop.jpg,desks/D03_objects.jpg
20260927-161801-211,2026-09-27T16:18:01,2026-09-27T16:18:02,video1.mp4 @ 00:16,D04,Zone A,1,0,PARTIALLY_OCCUPIED,BELONGINGS_ONLY,book,1,0.538,0.704,0.0,1.0,0.0,consistent,208,155,407,260,16,1784,belongings: book,desks/D04_crop.jpg,desks/D04_objects.jpg
20260927-161801-211,2026-09-27T16:18:01,2026-09-27T16:18:02,video1.mp4 @ 00:16,D06,Zone B,1,2,PARTIALLY_OCCUPIED,BELONGINGS_ONLY,bottle,1,0.763,0.845,0.0,1.0,0.0,consistent,615,167,817,261,8,1792,belongings: bottle,desks/D06_crop.jpg,desks/D06_objects.jpg
20260927-161801-211,2026-09-27T16:18:01,2026-09-27T16:18:02,video1.mp4 @ 00:16,D07,Zone C,0,0,PARTIALLY_OCCUPIED,BELONGINGS_ONLY,laptop,1,0.311,0.591,0.006,0.994,0.0,consistent,942,0,1266,219,4,1796,belongings: laptop,desks/D07_crop.jpg,desks/D07_objects.jpg
20260927-161803-120,2026-09-27T16:18:03,2026-09-27T16:18:04,video1.mp4 @ 00:18,D01,Zone C,1,3,OCCUPIED,PERSON_PRESENT,,0,0.635,0.393,0.748,0.252,0.0,uncertain,865,173,1031,269,,,person detected (overlap 0.32),desks/D01_crop.jpg,desks/D01_objects.jpg
20260927-161803-120,2026-09-27T16:18:03,2026-09-27T16:18:04,video1.mp4 @ 00:18,D02,Zone B,1,1,PARTIALLY_OCCUPIED,BELONGINGS_ONLY,laptop;book,2,0.756,0.616,0.0,1.0,0.0,consistent,418,169,613,268,6,1794,"belongings: book, laptop",desks/D02_crop.jpg,desks/D02_objects.jpg
20260927-161803-120,2026-09-27T16:18:03,2026-09-27T16:18:04,video1.mp4 @ 00:18,D03,Zone C,1,4,PARTIALLY_OCCUPIED,BELONGINGS_ONLY,book,1,0.667,0.754,0.0,1.0,0.0,consistent,1025,176,1225,269,8,1792,belongings: book,desks/D03_crop.jpg,desks/D03_objects.jpg
20260927-161803-120,2026-09-27T16:18:03,2026-09-27T16:18:04,video1.mp4 @ 00:18,D04,Zone A,1,0,PARTIALLY_OCCUPIED,BELONGINGS_ONLY,book,1,0.279,0.633,0.0,1.0,0.0,consistent,200,161,414,267,18,1782,belongings: book,desks/D04_crop.jpg,desks/D04_objects.jpg
20260927-161803-120,2026-09-27T16:18:03,2026-09-27T16:18:04,video1.mp4 @ 00:18,D06,Zone B,1,2,PARTIALLY_OCCUPIED,BELONGINGS_ONLY,bottle;8,2,0.652,0.818,0.0,1.0,0.0,consistent,617,172,804,263,10,1790,belongings: bottle,desks/D06_crop.jpg,desks/D06_objects.jpg
20260927-161805-466,2026-09-27T16:18:05,2026-09-27T16:18:07,video1.mp4 @ 00:20,D01,Zone C,1,3,OCCUPIED,PERSON_PRESENT,,0,0.462,0.459,0.877,0.123,0.0,uncertain,904,171,1030,265,,,person detected (overlap 0.41),desks/D01_crop.jpg,desks/D01_objects.jpg
20260927-161805-466,2026-09-27T16:18:05,2026-09-27T16:18:07,video1.mp4 @ 00:20,D02,Zone B,1,1,PARTIALLY_OCCUPIED,BELONGINGS_ONLY,laptop,1,0.743,0.605,0.0,1.0,0.0,consistent,407,170,605,267,8,1792,belongings: laptop,desks/D02_crop.jpg,desks/D02_objects.jpg
20260927-161805-466,2026-09-27T16:18:05,2026-09-27T16:18:07,video1.mp4 @ 00:20,D03,Zone C,1,4,PARTIALLY_OCCUPIED,BELONGINGS_ONLY,book,1,0.731,0.665,0.0,1.0,0.0,consistent,1025,175,1215,268,11,1789,belongings: book,desks/D03_crop.jpg,desks/D03_objects.jpg
20260927-161805-466,2026-09-27T16:18:05,2026-09-27T16:18:07,video1.mp4 @ 00:20,D04,Zone A,1,0,PARTIALLY_OCCUPIED,BELONGINGS_ONLY,book,1,0.485,0.727,0.0,1.0,0.0,consistent,198,160,409,268,21,1779,belongings: book,desks/D04_crop.jpg,desks/D04_objects.jpg
20260927-161805-466,2026-09-27T16:18:05,2026-09-27T16:18:07,video1.mp4 @ 00:20,D06,Zone B,1,2,PARTIALLY_OCCUPIED,BELONGINGS_ONLY,bottle,1,0.703,0.82,0.0,1.0,0.0,consistent,611,172,817,263,13,1787,belongings: bottle,desks/D06_crop.jpg,desks/D06_objects.jpg
20260927-161805-466,2026-09-27T16:18:05,2026-09-27T16:18:07,video1.mp4 @ 00:20,D07,Zone C,0,0,PARTIALLY_OCCUPIED,BELONGINGS_ONLY,laptop,1,0.373,0.536,0.001,0.999,0.0,consistent,936,0,1274,212,8,1792,belongings: laptop,desks/D07_crop.jpg,desks/D07_objects.jpg
20260927-161807-092,2026-09-27T16:18:07,2026-09-27T16:18:08,video1.mp4 @ 00:22,D01,Zone C,1,3,PARTIALLY_OCCUPIED,BELONGINGS_ONLY,book,1,0.774,0.738,0.114,0.886,0.0,consistent,820,170,1016,263,0,1800,belongings: book,desks/D01_crop.jpg,desks/D01_objects.jpg
20260927-161807-092,2026-09-27T16:18:07,2026-09-27T16:18:08,video1.mp4 @ 00:22,D02,Zone B,1,1,PARTIALLY_OCCUPIED,BELONGINGS_ONLY,laptop,1,0.751,0.498,0.0,1.0,0.0,uncertain,401,165,603,262,10,1790,belongings: laptop,desks/D02_crop.jpg,desks/D02_objects.jpg
20260927-161807-092,2026-09-27T16:18:07,2026-09-27T16:18:08,video1.mp4 @ 00:22,D04,Zone A,1,0,PARTIALLY_OCCUPIED,BELONGINGS_ONLY,book,1,0.514,0.695,0.0,1.0,0.0,consistent,198,154,397,261,22,1778,belongings: book,desks/D04_crop.jpg,desks/D04_objects.jpg
20260927-161807-092,2026-09-27T16:18:07,2026-09-27T16:18:08,video1.mp4 @ 00:22,D06,Zone B,1,2,PARTIALLY_OCCUPIED,BELONGINGS_ONLY,bottle;8,2,0.754,0.838,0.0,1.0,0.0,consistent,609,167,816,261,14,1786,belongings: bottle,desks/D06_crop.jpg,desks/D06_objects.jpg
20260927-161809-125,2026-09-27T16:18:09,2026-09-27T16:18:11,video1.mp4 @ 00:24,D01,Zone C,1,3,AVAILABLE,EMPTY,,0,0.697,0.093,0.067,0.849,0.084,disagree,828,161,1022,258,,,"no person or belongings (faint: book, laptop)",desks/D01_crop.jpg,desks/D01_objects.jpg
20260927-161809-125,2026-09-27T16:18:09,2026-09-27T16:18:11,video1.mp4 @ 00:24,D02,Zone B,1,1,PARTIALLY_OCCUPIED,BELONGINGS_ONLY,laptop;book,2,0.79,0.541,0.0,1.0,0.0,consistent,399,160,604,261,12,1788,"belongings: book, laptop",desks/D02_crop.jpg,desks/D02_objects.jpg
20260927-161809-125,2026-09-27T16:18:09,2026-09-27T16:18:11,video1.mp4 @ 00:24,D03,Zone C,1,4,PARTIALLY_OCCUPIED,BELONGINGS_ONLY,book,1,0.732,0.79,0.0,1.0,0.0,consistent,1020,163,1214,258,15,1785,belongings: book,desks/D03_crop.jpg,desks/D03_objects.jpg
20260927-161809-125,2026-09-27T16:18:09,2026-09-27T16:18:11,video1.mp4 @ 00:24,D04,Zone A,1,0,PARTIALLY_OCCUPIED,BELONGINGS_ONLY,book,1,0.709,0.747,0.0,1.0,0.0,consistent,201,153,399,257,25,1775,belongings: book,desks/D04_crop.jpg,desks/D04_objects.jpg
20260927-161809-125,2026-09-27T16:18:09,2026-09-27T16:18:11,video1.mp4 @ 00:24,D06,Zone B,1,2,OCCUPIED,PERSON_PRESENT,,0,0.771,0.496,0.611,0.389,0.0,uncertain,605,158,767,258,,,person detected (overlap 0.36),desks/D06_crop.jpg,desks/D06_objects.jpg
20260927-161811-271,2026-09-27T16:18:11,2026-09-27T16:18:13,video1.mp4 @ 00:26,D01,Zone C,1,3,PARTIALLY_OCCUPIED,BELONGINGS_ONLY,book,1,0.787,0.512,0.018,0.973,0.008,consistent,814,160,1017,257,0,1800,belongings: book,desks/D01_crop.jpg,desks/D01_objects.jpg
20260927-161811-271,2026-09-27T16:18:11,2026-09-27T16:18:13,video1.mp4 @ 00:26,D02,Zone B,1,1,PARTIALLY_OCCUPIED,BELONGINGS_ONLY,book;laptop;laptop,3,0.778,0.824,0.0,1.0,0.0,consistent,398,158,597,258,15,1785,"belongings: book, laptop",desks/D02_crop.jpg,desks/D02_objects.jpg
20260927-161811-271,2026-09-27T16:18:11,2026-09-27T16:18:13,video1.mp4 @ 00:26,D03,Zone C,1,4,PARTIALLY_OCCUPIED,BELONGINGS_ONLY,book,1,0.74,0.746,0.0,1.0,0.0,consistent,1018,161,1212,258,17,1783,belongings: book,desks/D03_crop.jpg,desks/D03_objects.jpg
20260927-161811-271,2026-09-27T16:18:11,2026-09-27T16:18:13,video1.mp4 @ 00:26,D04,Zone A,1,0,PARTIALLY_OCCUPIED,BELONGINGS_ONLY,book,1,0.655,0.749,0.0,1.0,0.0,consistent,190,151,398,255,27,1773,belongings: book,desks/D04_crop.jpg,desks/D04_objects.jpg
20260927-161811-271,2026-09-27T16:18:11,2026-09-27T16:18:13,video1.mp4 @ 00:26,D05,Zone B,2,0,OCCUPIED,PERSON_PRESENT,,0,0.535,0.608,0.871,0.092,0.037,consistent,611,156,838,414,,,person detected (overlap 1.00),desks/D05_crop.jpg,desks/D05_objects.jpg
20260927-161811-271,2026-09-27T16:18:11,2026-09-27T16:18:13,video1.mp4 @ 00:26,D08,Zone C,2,1,PARTIALLY_OCCUPIED,BELONGINGS_ONLY,book,1,0.384,0.525,0.095,0.872,0.034,consistent,801,169,1020,401,0,1800,belongings: book,desks/D08_crop.jpg,desks/D08_objects.jpg
20260927-161813-116,2026-09-27T16:18:13,2026-09-27T16:18:15,video1.mp4 @ 00:28,D01,Zone C,1,3,PARTIALLY_OCCUPIED,BELONGINGS_ONLY,book;book,2,0.788,0.622,0.004,0.995,0.001,consistent,819,156,1020,250,2,1798,belongings: book,desks/D01_crop.jpg,desks/D01_objects.jpg
20260927-161813-116,2026-09-27T16:18:13,2026-09-27T16:18:15,video1.mp4 @ 00:28,D02,Zone B,1,1,PARTIALLY_OCCUPIED,BELONGINGS_ONLY,laptop,1,0.756,0.638,0.0,1.0,0.0,consistent,402,152,606,252,16,1784,belongings: laptop,desks/D02_crop.jpg,desks/D02_objects.jpg
20260927-161813-116,2026-09-27T16:18:13,2026-09-27T16:18:15,video1.mp4 @ 00:28,D03,Zone C,1,4,PARTIALLY_OCCUPIED,BELONGINGS_ONLY,book,1,0.718,0.693,0.0,1.0,0.0,consistent,1022,156,1213,249,19,1781,belongings: book,desks/D03_crop.jpg,desks/D03_objects.jpg
20260927-161813-116,2026-09-27T16:18:13,2026-09-27T16:18:15,video1.mp4 @ 00:28,D04,Zone A,1,0,PARTIALLY_OCCUPIED,BELONGINGS_ONLY,book,1,0.65,0.762,0.0,1.0,0.0,consistent,192,147,404,251,29,1771,belongings: book,desks/D04_crop.jpg,desks/D04_objects.jpg
20260927-161813-116,2026-09-27T16:18:13,2026-09-27T16:18:15,video1.mp4 @ 00:28,D05,Zone B,2,0,OCCUPIED,PERSON_PRESENT,,0,0.788,0.504,0.964,0.032,0.004,consistent,607,158,836,394,,,person detected (overlap 0.98),desks/D05_crop.jpg,desks/D05_objects.jpg
20260927-161815-173,2026-09-27T16:18:15,2026-09-27T16:18:17,video1.mp4 @ 00:30,D01,Zone C,1,3,PARTIALLY_OCCUPIED,BELONGINGS_ONLY,book;book,2,0.773,0.655,0.001,0.999,0.0,consistent,821,153,1021,248,4,1796,belongings: book,,
20260927-161815-173,2026-09-27T16:18:15,2026-09-27T16:18:17,video1.mp4 @ 00:30,D02,Zone B,1,1,PARTIALLY_OCCUPIED,BELONGINGS_ONLY,laptop;book,2,0.742,0.618,0.0,1.0,0.0,consistent,408,150,605,248,19,1781,"belongings: book, laptop",,
20260927-161815-173,2026-09-27T16:18:15,2026-09-27T16:18:17,video1.mp4 @ 00:30,D03,Zone C,1,4,PARTIALLY_OCCUPIED,BELONGINGS_ONLY,book,1,0.7,0.795,0.0,1.0,0.0,consistent,1023,154,1222,249,21,1779,belongings: book,,
20260927-161815-173,2026-09-27T16:18:15,2026-09-27T16:18:17,video1.mp4 @ 00:30,D04,Zone A,1,0,PARTIALLY_OCCUPIED,BELONGINGS_ONLY,book,1,0.516,0.673,0.0,1.0,0.0,consistent,197,146,410,246,31,1769,belongings: book,,
20260927-161815-173,2026-09-27T16:18:15,2026-09-27T16:18:17,video1.mp4 @ 00:30,D05,Zone B,2,0,OCCUPIED,PERSON_PRESENT,,0,0.654,0.693,0.993,0.006,0.0,consistent,605,156,828,423,,,person detected (overlap 0.98),,
