run_id,timestamp,seat_time,source,kind,desks,available,reclaimable,partial,occupied,persons,inference_ms,has_images
20260927-161746-404,2026-09-27T16:17:46,2026-09-27T16:17:46,video1.mp4 @ 00:00,video,5,0,0,4,1,2,2291,1
20260927-161747-126,2026-09-27T16:17:47,2026-09-27T16:17:47,video1.mp4 @ 00:02,video,6,0,0,5,1,2,620,1
20260927-161749-117,2026-09-27T16:17:49,2026-09-27T16:17:50,video1.mp4 @ 00:04,video,5,0,0,4,1,1,594,1
20260927-161751-057,2026-09-27T16:17:51,2026-09-27T16:17:52,video1.mp4 @ 00:06,video,5,0,0,4,1,1,532,0
20260927-161753-063,2026-09-27T16:17:53,2026-09-27T16:17:54,video1.mp4 @ 00:08,video,5,0,0,4,1,1,533,1
20260927-161755-133,2026-09-27T16:17:55,2026-09-27T16:17:56,video1.mp4 @ 00:10,video,5,1,0,4,0,0,586,1
20260927-161757-251,2026-09-27T16:17:57,2026-09-27T16:17:58,video1.mp4 @ 00:12,video,6,0,0,6,0,0,702,1
20260927-161759-142,2026-09-27T16:17:59,2026-09-27T16:18:00,video1.mp4 @ 00:14,video,5,0,0,5,0,2,591,1
20260927-161801-211,2026-09-27T16:18:01,2026-09-27T16:18:02,video1.mp4 @ 00:16,video,6,0,0,5,1,1,655,1
20260927-161803-120,2026-09-27T16:18:03,2026-09-27T16:18:04,video1.mp4 @ 00:18,video,5,0,0,4,1,1,558,1
20260927-161805-466,2026-09-27T16:18:05,2026-09-27T16:18:07,video1.mp4 @ 00:20,video,6,0,0,5,1,1,893,1
20260927-161807-092,2026-09-27T16:18:07,2026-09-27T16:18:08,video1.mp4 @ 00:22,video,4,0,0,4,0,3,505,1
20260927-161809-125,2026-09-27T16:18:09,2026-09-27T16:18:11,video1.mp4 @ 00:24,video,5,1,0,3,1,1,529,1
20260927-161811-271,2026-09-27T16:18:11,2026-09-27T16:18:13,video1.mp4 @ 00:26,video,6,0,0,5,1,1,663,1
20260927-161813-116,2026-09-27T16:18:13,2026-09-27T16:18:15,video1.mp4 @ 00:28,video,5,0,0,4,1,2,496,1
20260927-161815-173,2026-09-27T16:18:15,2026-09-27T16:18:17,video1.mp4 @ 00:30,video,5,0,0,4,1,1,548,0
